Sample	R1	R2
MB001-A01	/mnt/data/sbusi/vip/data/fastq/MB001_A01_S1_R1_001.fastq.gz	/mnt/data/sbusi/vip/data/fastq/MB001_A01_S1_R2_001.fastq.gz
MB001-B2	/mnt/data/sbusi/vip/data/fastq/MB001_B2_S14_L001_R1_001.fastq.gz	/mnt/data/sbusi/vip/data/fastq/MB001_B2_S14_L001_R2_001.fastq.gz
MB002-A02	/mnt/data/sbusi/vip/data/fastq/MB002_A02_S2_R1_001.fastq.gz	/mnt/data/sbusi/vip/data/fastq/MB002_A02_S2_R2_001.fastq.gz
MB002-B3	/mnt/data/sbusi/vip/data/fastq/MB002_B3_S15_L001_R1_001.fastq.gz	/mnt/data/sbusi/vip/data/fastq/MB002_B3_S15_L001_R2_001.fastq.gz
MB003-A03	/mnt/data/sbusi/vip/data/fastq/MB003_A03_S3_R1_001.fastq.gz	/mnt/data/sbusi/vip/data/fastq/MB003_A03_S3_R2_001.fastq.gz
MB003-B4	/mnt/data/sbusi/vip/data/fastq/MB003_B4_S16_L001_R1_001.fastq.gz	/mnt/data/sbusi/vip/data/fastq/MB003_B4_S16_L001_R2_001.fastq.gz
MB004-A04	/mnt/data/sbusi/vip/data/fastq/MB004_A04_S4_R1_001.fastq.gz	/mnt/data/sbusi/vip/data/fastq/MB004_A04_S4_R2_001.fastq.gz
MB004-B5	/mnt/data/sbusi/vip/data/fastq/MB004_B5_S17_L001_R1_001.fastq.gz	/mnt/data/sbusi/vip/data/fastq/MB004_B5_S17_L001_R2_001.fastq.gz
MB005-A05	/mnt/data/sbusi/vip/data/fastq/MB005_A05_S5_R1_001.fastq.gz	/mnt/data/sbusi/vip/data/fastq/MB005_A05_S5_R2_001.fastq.gz
MB005-B6	/mnt/data/sbusi/vip/data/fastq/MB005_B6_S18_L001_R1_001.fastq.gz	/mnt/data/sbusi/vip/data/fastq/MB005_B6_S18_L001_R2_001.fastq.gz
MB006-A06	/mnt/data/sbusi/vip/data/fastq/MB006_A06_S6_R1_001.fastq.gz	/mnt/data/sbusi/vip/data/fastq/MB006_A06_S6_R2_001.fastq.gz
MB006-B7	/mnt/data/sbusi/vip/data/fastq/MB006_B7_S19_L001_R1_001.fastq.gz	/mnt/data/sbusi/vip/data/fastq/MB006_B7_S19_L001_R2_001.fastq.gz
MB007-A07	/mnt/data/sbusi/vip/data/fastq/MB007_A07_S7_R1_001.fastq.gz	/mnt/data/sbusi/vip/data/fastq/MB007_A07_S7_R2_001.fastq.gz
MB007-B8	/mnt/data/sbusi/vip/data/fastq/MB007_B8_S20_L001_R1_001.fastq.gz	/mnt/data/sbusi/vip/data/fastq/MB007_B8_S20_L001_R2_001.fastq.gz
MB008-A08	/mnt/data/sbusi/vip/data/fastq/MB008_A08_S8_R1_001.fastq.gz	/mnt/data/sbusi/vip/data/fastq/MB008_A08_S8_R2_001.fastq.gz
MB008-B9	/mnt/data/sbusi/vip/data/fastq/MB008_B9_S21_L001_R1_001.fastq.gz	/mnt/data/sbusi/vip/data/fastq/MB008_B9_S21_L001_R2_001.fastq.gz
MB009-A09	/mnt/data/sbusi/vip/data/fastq/MB009_A09_S9_R1_001.fastq.gz	/mnt/data/sbusi/vip/data/fastq/MB009_A09_S9_R2_001.fastq.gz
MB009-B10	/mnt/data/sbusi/vip/data/fastq/MB009_B10_S22_L001_R1_001.fastq.gz	/mnt/data/sbusi/vip/data/fastq/MB009_B10_S22_L001_R2_001.fastq.gz
MB010-A10	/mnt/data/sbusi/vip/data/fastq/MB010_A10_S10_R1_001.fastq.gz	/mnt/data/sbusi/vip/data/fastq/MB010_A10_S10_R2_001.fastq.gz
MB010-B11	/mnt/data/sbusi/vip/data/fastq/MB010_B11_S23_L001_R1_001.fastq.gz	/mnt/data/sbusi/vip/data/fastq/MB010_B11_S23_L001_R2_001.fastq.gz
MB011-A11	/mnt/data/sbusi/vip/data/fastq/MB011_A11_S11_R1_001.fastq.gz	/mnt/data/sbusi/vip/data/fastq/MB011_A11_S11_R2_001.fastq.gz
MB011-B12	/mnt/data/sbusi/vip/data/fastq/MB011_B12_S24_L001_R1_001.fastq.gz	/mnt/data/sbusi/vip/data/fastq/MB011_B12_S24_L001_R2_001.fastq.gz
MB012-A12	/mnt/data/sbusi/vip/data/fastq/MB012_A12_S12_R1_001.fastq.gz	/mnt/data/sbusi/vip/data/fastq/MB012_A12_S12_R2_001.fastq.gz
MB012-C1	/mnt/data/sbusi/vip/data/fastq/MB012_C1_S25_L001_R1_001.fastq.gz	/mnt/data/sbusi/vip/data/fastq/MB012_C1_S25_L001_R2_001.fastq.gz
MB013-B01	/mnt/data/sbusi/vip/data/fastq/MB013_B01_S13_R1_001.fastq.gz	/mnt/data/sbusi/vip/data/fastq/MB013_B01_S13_R2_001.fastq.gz
MB013-C2	/mnt/data/sbusi/vip/data/fastq/MB013_C2_S26_L001_R1_001.fastq.gz	/mnt/data/sbusi/vip/data/fastq/MB013_C2_S26_L001_R2_001.fastq.gz
MB014-B02	/mnt/data/sbusi/vip/data/fastq/MB014_B02_S14_R1_001.fastq.gz	/mnt/data/sbusi/vip/data/fastq/MB014_B02_S14_R2_001.fastq.gz
MB014-C3	/mnt/data/sbusi/vip/data/fastq/MB014_C3_S27_L001_R1_001.fastq.gz	/mnt/data/sbusi/vip/data/fastq/MB014_C3_S27_L001_R2_001.fastq.gz
MB015-B03	/mnt/data/sbusi/vip/data/fastq/MB015_B03_S15_R1_001.fastq.gz	/mnt/data/sbusi/vip/data/fastq/MB015_B03_S15_R2_001.fastq.gz
MB015-C4	/mnt/data/sbusi/vip/data/fastq/MB015_C4_S28_L001_R1_001.fastq.gz	/mnt/data/sbusi/vip/data/fastq/MB015_C4_S28_L001_R2_001.fastq.gz
MB016-B04	/mnt/data/sbusi/vip/data/fastq/MB016_B04_S16_R1_001.fastq.gz	/mnt/data/sbusi/vip/data/fastq/MB016_B04_S16_R2_001.fastq.gz
MB016-C5	/mnt/data/sbusi/vip/data/fastq/MB016_C5_S29_L001_R1_001.fastq.gz	/mnt/data/sbusi/vip/data/fastq/MB016_C5_S29_L001_R2_001.fastq.gz
MB017-B05	/mnt/data/sbusi/vip/data/fastq/MB017_B05_S17_R1_001.fastq.gz	/mnt/data/sbusi/vip/data/fastq/MB017_B05_S17_R2_001.fastq.gz
MB017-C6	/mnt/data/sbusi/vip/data/fastq/MB017_C6_S30_L001_R1_001.fastq.gz	/mnt/data/sbusi/vip/data/fastq/MB017_C6_S30_L001_R2_001.fastq.gz
MB018-B06	/mnt/data/sbusi/vip/data/fastq/MB018_B06_S18_R1_001.fastq.gz	/mnt/data/sbusi/vip/data/fastq/MB018_B06_S18_R2_001.fastq.gz
MB018-C7	/mnt/data/sbusi/vip/data/fastq/MB018_C7_S31_L001_R1_001.fastq.gz	/mnt/data/sbusi/vip/data/fastq/MB018_C7_S31_L001_R2_001.fastq.gz
MB019-B07	/mnt/data/sbusi/vip/data/fastq/MB019_B07_S19_R1_001.fastq.gz	/mnt/data/sbusi/vip/data/fastq/MB019_B07_S19_R2_001.fastq.gz
MB019-C8	/mnt/data/sbusi/vip/data/fastq/MB019_C8_S32_L001_R1_001.fastq.gz	/mnt/data/sbusi/vip/data/fastq/MB019_C8_S32_L001_R2_001.fastq.gz
MB020-B08	/mnt/data/sbusi/vip/data/fastq/MB020_B08_S20_R1_001.fastq.gz	/mnt/data/sbusi/vip/data/fastq/MB020_B08_S20_R2_001.fastq.gz
MB020-C9	/mnt/data/sbusi/vip/data/fastq/MB020_C9_S33_L001_R1_001.fastq.gz	/mnt/data/sbusi/vip/data/fastq/MB020_C9_S33_L001_R2_001.fastq.gz
MB021-B09	/mnt/data/sbusi/vip/data/fastq/MB021_B09_S21_R1_001.fastq.gz	/mnt/data/sbusi/vip/data/fastq/MB021_B09_S21_R2_001.fastq.gz
MB021-C10	/mnt/data/sbusi/vip/data/fastq/MB021_C10_S34_L001_R1_001.fastq.gz	/mnt/data/sbusi/vip/data/fastq/MB021_C10_S34_L001_R2_001.fastq.gz
MB022-B10	/mnt/data/sbusi/vip/data/fastq/MB022_B10_S22_R1_001.fastq.gz	/mnt/data/sbusi/vip/data/fastq/MB022_B10_S22_R2_001.fastq.gz
MB022-C11	/mnt/data/sbusi/vip/data/fastq/MB022_C11_S35_L001_R1_001.fastq.gz	/mnt/data/sbusi/vip/data/fastq/MB022_C11_S35_L001_R2_001.fastq.gz
MB023-B11	/mnt/data/sbusi/vip/data/fastq/MB023_B11_S23_R1_001.fastq.gz	/mnt/data/sbusi/vip/data/fastq/MB023_B11_S23_R2_001.fastq.gz
MB023-C12	/mnt/data/sbusi/vip/data/fastq/MB023_C12_S36_L001_R1_001.fastq.gz	/mnt/data/sbusi/vip/data/fastq/MB023_C12_S36_L001_R2_001.fastq.gz
MB024-B12	/mnt/data/sbusi/vip/data/fastq/MB024_B12_S24_R1_001.fastq.gz	/mnt/data/sbusi/vip/data/fastq/MB024_B12_S24_R2_001.fastq.gz
MB024-D1	/mnt/data/sbusi/vip/data/fastq/MB024_D1_S37_L001_R1_001.fastq.gz	/mnt/data/sbusi/vip/data/fastq/MB024_D1_S37_L001_R2_001.fastq.gz
MB025-C01	/mnt/data/sbusi/vip/data/fastq/MB025_C01_S25_R1_001.fastq.gz	/mnt/data/sbusi/vip/data/fastq/MB025_C01_S25_R2_001.fastq.gz
MB025-D2	/mnt/data/sbusi/vip/data/fastq/MB025_D2_S38_L001_R1_001.fastq.gz	/mnt/data/sbusi/vip/data/fastq/MB025_D2_S38_L001_R2_001.fastq.gz
MB026-C02	/mnt/data/sbusi/vip/data/fastq/MB026_C02_S26_R1_001.fastq.gz	/mnt/data/sbusi/vip/data/fastq/MB026_C02_S26_R2_001.fastq.gz
MB026-D3	/mnt/data/sbusi/vip/data/fastq/MB026_D3_S39_L001_R1_001.fastq.gz	/mnt/data/sbusi/vip/data/fastq/MB026_D3_S39_L001_R2_001.fastq.gz
MB027-C03	/mnt/data/sbusi/vip/data/fastq/MB027_C03_S27_R1_001.fastq.gz	/mnt/data/sbusi/vip/data/fastq/MB027_C03_S27_R2_001.fastq.gz
MB027-D4	/mnt/data/sbusi/vip/data/fastq/MB027_D4_S40_L001_R1_001.fastq.gz	/mnt/data/sbusi/vip/data/fastq/MB027_D4_S40_L001_R2_001.fastq.gz
MB028-C04	/mnt/data/sbusi/vip/data/fastq/MB028_C04_S28_R1_001.fastq.gz	/mnt/data/sbusi/vip/data/fastq/MB028_C04_S28_R2_001.fastq.gz
MB028-D5	/mnt/data/sbusi/vip/data/fastq/MB028_D5_S41_L001_R1_001.fastq.gz	/mnt/data/sbusi/vip/data/fastq/MB028_D5_S41_L001_R2_001.fastq.gz
MB029-C05	/mnt/data/sbusi/vip/data/fastq/MB029_C05_S29_R1_001.fastq.gz	/mnt/data/sbusi/vip/data/fastq/MB029_C05_S29_R2_001.fastq.gz
MB029-D6	/mnt/data/sbusi/vip/data/fastq/MB029_D6_S42_L001_R1_001.fastq.gz	/mnt/data/sbusi/vip/data/fastq/MB029_D6_S42_L001_R2_001.fastq.gz
MB030-C06	/mnt/data/sbusi/vip/data/fastq/MB030_C06_S30_R1_001.fastq.gz	/mnt/data/sbusi/vip/data/fastq/MB030_C06_S30_R2_001.fastq.gz
MB030-D7	/mnt/data/sbusi/vip/data/fastq/MB030_D7_S43_L001_R1_001.fastq.gz	/mnt/data/sbusi/vip/data/fastq/MB030_D7_S43_L001_R2_001.fastq.gz
MB031-C07	/mnt/data/sbusi/vip/data/fastq/MB031_C07_S31_R1_001.fastq.gz	/mnt/data/sbusi/vip/data/fastq/MB031_C07_S31_R2_001.fastq.gz
MB031-D8	/mnt/data/sbusi/vip/data/fastq/MB031_D8_S44_L001_R1_001.fastq.gz	/mnt/data/sbusi/vip/data/fastq/MB031_D8_S44_L001_R2_001.fastq.gz
MB032-C08	/mnt/data/sbusi/vip/data/fastq/MB032_C08_S32_R1_001.fastq.gz	/mnt/data/sbusi/vip/data/fastq/MB032_C08_S32_R2_001.fastq.gz
MB032-D9	/mnt/data/sbusi/vip/data/fastq/MB032_D9_S45_L001_R1_001.fastq.gz	/mnt/data/sbusi/vip/data/fastq/MB032_D9_S45_L001_R2_001.fastq.gz
MB033-C09	/mnt/data/sbusi/vip/data/fastq/MB033_C09_S33_R1_001.fastq.gz	/mnt/data/sbusi/vip/data/fastq/MB033_C09_S33_R2_001.fastq.gz
MB033-D10	/mnt/data/sbusi/vip/data/fastq/MB033_D10_S46_L001_R1_001.fastq.gz	/mnt/data/sbusi/vip/data/fastq/MB033_D10_S46_L001_R2_001.fastq.gz
MB034-C10	/mnt/data/sbusi/vip/data/fastq/MB034_C10_S34_R1_001.fastq.gz	/mnt/data/sbusi/vip/data/fastq/MB034_C10_S34_R2_001.fastq.gz
MB034-D11	/mnt/data/sbusi/vip/data/fastq/MB034_D11_S47_L001_R1_001.fastq.gz	/mnt/data/sbusi/vip/data/fastq/MB034_D11_S47_L001_R2_001.fastq.gz
MB035-C11	/mnt/data/sbusi/vip/data/fastq/MB035_C11_S35_R1_001.fastq.gz	/mnt/data/sbusi/vip/data/fastq/MB035_C11_S35_R2_001.fastq.gz
MB035-D12	/mnt/data/sbusi/vip/data/fastq/MB035_D12_S48_L001_R1_001.fastq.gz	/mnt/data/sbusi/vip/data/fastq/MB035_D12_S48_L001_R2_001.fastq.gz
MB036-C12	/mnt/data/sbusi/vip/data/fastq/MB036_C12_S36_R1_001.fastq.gz	/mnt/data/sbusi/vip/data/fastq/MB036_C12_S36_R2_001.fastq.gz
MB036-E1	/mnt/data/sbusi/vip/data/fastq/MB036_E1_S49_L001_R1_001.fastq.gz	/mnt/data/sbusi/vip/data/fastq/MB036_E1_S49_L001_R2_001.fastq.gz
MB037-D01	/mnt/data/sbusi/vip/data/fastq/MB037_D01_S37_R1_001.fastq.gz	/mnt/data/sbusi/vip/data/fastq/MB037_D01_S37_R2_001.fastq.gz
MB037-E2	/mnt/data/sbusi/vip/data/fastq/MB037_E2_S50_L001_R1_001.fastq.gz	/mnt/data/sbusi/vip/data/fastq/MB037_E2_S50_L001_R2_001.fastq.gz
MB038-D02	/mnt/data/sbusi/vip/data/fastq/MB038_D02_S38_R1_001.fastq.gz	/mnt/data/sbusi/vip/data/fastq/MB038_D02_S38_R2_001.fastq.gz
MB038-E3	/mnt/data/sbusi/vip/data/fastq/MB038_E3_S51_L001_R1_001.fastq.gz	/mnt/data/sbusi/vip/data/fastq/MB038_E3_S51_L001_R2_001.fastq.gz
MB039-D03	/mnt/data/sbusi/vip/data/fastq/MB039_D03_S39_R1_001.fastq.gz	/mnt/data/sbusi/vip/data/fastq/MB039_D03_S39_R2_001.fastq.gz
MB039-E4	/mnt/data/sbusi/vip/data/fastq/MB039_E4_S52_L001_R1_001.fastq.gz	/mnt/data/sbusi/vip/data/fastq/MB039_E4_S52_L001_R2_001.fastq.gz
MB040-D04	/mnt/data/sbusi/vip/data/fastq/MB040_D04_S40_R1_001.fastq.gz	/mnt/data/sbusi/vip/data/fastq/MB040_D04_S40_R2_001.fastq.gz
MB040-E5	/mnt/data/sbusi/vip/data/fastq/MB040_E5_S53_L001_R1_001.fastq.gz	/mnt/data/sbusi/vip/data/fastq/MB040_E5_S53_L001_R2_001.fastq.gz
MB041-D05	/mnt/data/sbusi/vip/data/fastq/MB041_D05_S41_R1_001.fastq.gz	/mnt/data/sbusi/vip/data/fastq/MB041_D05_S41_R2_001.fastq.gz
MB041-E6	/mnt/data/sbusi/vip/data/fastq/MB041_E6_S54_L001_R1_001.fastq.gz	/mnt/data/sbusi/vip/data/fastq/MB041_E6_S54_L001_R2_001.fastq.gz
MB042-D06	/mnt/data/sbusi/vip/data/fastq/MB042_D06_S42_R1_001.fastq.gz	/mnt/data/sbusi/vip/data/fastq/MB042_D06_S42_R2_001.fastq.gz
MB042-E7	/mnt/data/sbusi/vip/data/fastq/MB042_E7_S55_L001_R1_001.fastq.gz	/mnt/data/sbusi/vip/data/fastq/MB042_E7_S55_L001_R2_001.fastq.gz
MB043-D07	/mnt/data/sbusi/vip/data/fastq/MB043_D07_S43_R1_001.fastq.gz	/mnt/data/sbusi/vip/data/fastq/MB043_D07_S43_R2_001.fastq.gz
MB043-E8	/mnt/data/sbusi/vip/data/fastq/MB043_E8_S56_L001_R1_001.fastq.gz	/mnt/data/sbusi/vip/data/fastq/MB043_E8_S56_L001_R2_001.fastq.gz
MB044-D08	/mnt/data/sbusi/vip/data/fastq/MB044_D08_S44_R1_001.fastq.gz	/mnt/data/sbusi/vip/data/fastq/MB044_D08_S44_R2_001.fastq.gz
MB044-E9	/mnt/data/sbusi/vip/data/fastq/MB044_E9_S57_L001_R1_001.fastq.gz	/mnt/data/sbusi/vip/data/fastq/MB044_E9_S57_L001_R2_001.fastq.gz
MB045-D09	/mnt/data/sbusi/vip/data/fastq/MB045_D09_S45_R1_001.fastq.gz	/mnt/data/sbusi/vip/data/fastq/MB045_D09_S45_R2_001.fastq.gz
MB045-E10	/mnt/data/sbusi/vip/data/fastq/MB045_E10_S58_L001_R1_001.fastq.gz	/mnt/data/sbusi/vip/data/fastq/MB045_E10_S58_L001_R2_001.fastq.gz
MB046-D10	/mnt/data/sbusi/vip/data/fastq/MB046_D10_S46_R1_001.fastq.gz	/mnt/data/sbusi/vip/data/fastq/MB046_D10_S46_R2_001.fastq.gz
MB046-E11	/mnt/data/sbusi/vip/data/fastq/MB046_E11_S59_L001_R1_001.fastq.gz	/mnt/data/sbusi/vip/data/fastq/MB046_E11_S59_L001_R2_001.fastq.gz
MB047-D11	/mnt/data/sbusi/vip/data/fastq/MB047_D11_S47_R1_001.fastq.gz	/mnt/data/sbusi/vip/data/fastq/MB047_D11_S47_R2_001.fastq.gz
MB047-E12	/mnt/data/sbusi/vip/data/fastq/MB047_E12_S60_L001_R1_001.fastq.gz	/mnt/data/sbusi/vip/data/fastq/MB047_E12_S60_L001_R2_001.fastq.gz
MB048-D12	/mnt/data/sbusi/vip/data/fastq/MB048_D12_S48_R1_001.fastq.gz	/mnt/data/sbusi/vip/data/fastq/MB048_D12_S48_R2_001.fastq.gz
MB048-F1	/mnt/data/sbusi/vip/data/fastq/MB048_F1_S61_L001_R1_001.fastq.gz	/mnt/data/sbusi/vip/data/fastq/MB048_F1_S61_L001_R2_001.fastq.gz
MB049-E01	/mnt/data/sbusi/vip/data/fastq/MB049_E01_S49_R1_001.fastq.gz	/mnt/data/sbusi/vip/data/fastq/MB049_E01_S49_R2_001.fastq.gz
MB050-E02	/mnt/data/sbusi/vip/data/fastq/MB050_E02_S50_R1_001.fastq.gz	/mnt/data/sbusi/vip/data/fastq/MB050_E02_S50_R2_001.fastq.gz
MB051-E03	/mnt/data/sbusi/vip/data/fastq/MB051_E03_S51_R1_001.fastq.gz	/mnt/data/sbusi/vip/data/fastq/MB051_E03_S51_R2_001.fastq.gz
MB052-E04	/mnt/data/sbusi/vip/data/fastq/MB052_E04_S52_R1_001.fastq.gz	/mnt/data/sbusi/vip/data/fastq/MB052_E04_S52_R2_001.fastq.gz
MB053-E05	/mnt/data/sbusi/vip/data/fastq/MB053_E05_S53_R1_001.fastq.gz	/mnt/data/sbusi/vip/data/fastq/MB053_E05_S53_R2_001.fastq.gz
MB054-E06	/mnt/data/sbusi/vip/data/fastq/MB054_E06_S54_R1_001.fastq.gz	/mnt/data/sbusi/vip/data/fastq/MB054_E06_S54_R2_001.fastq.gz
MB055-E07	/mnt/data/sbusi/vip/data/fastq/MB055_E07_S55_R1_001.fastq.gz	/mnt/data/sbusi/vip/data/fastq/MB055_E07_S55_R2_001.fastq.gz
MB056-E08	/mnt/data/sbusi/vip/data/fastq/MB056_E08_S56_R1_001.fastq.gz	/mnt/data/sbusi/vip/data/fastq/MB056_E08_S56_R2_001.fastq.gz
MB057-E09	/mnt/data/sbusi/vip/data/fastq/MB057_E09_S57_R1_001.fastq.gz	/mnt/data/sbusi/vip/data/fastq/MB057_E09_S57_R2_001.fastq.gz
MB058-E10	/mnt/data/sbusi/vip/data/fastq/MB058_E10_S58_R1_001.fastq.gz	/mnt/data/sbusi/vip/data/fastq/MB058_E10_S58_R2_001.fastq.gz
MB059-E11	/mnt/data/sbusi/vip/data/fastq/MB059_E11_S59_R1_001.fastq.gz	/mnt/data/sbusi/vip/data/fastq/MB059_E11_S59_R2_001.fastq.gz
MB060-E12	/mnt/data/sbusi/vip/data/fastq/MB060_E12_S60_R1_001.fastq.gz	/mnt/data/sbusi/vip/data/fastq/MB060_E12_S60_R2_001.fastq.gz
MB061-F01	/mnt/data/sbusi/vip/data/fastq/MB061_F01_S61_R1_001.fastq.gz	/mnt/data/sbusi/vip/data/fastq/MB061_F01_S61_R2_001.fastq.gz
MB062-F02	/mnt/data/sbusi/vip/data/fastq/MB062_F02_S62_R1_001.fastq.gz	/mnt/data/sbusi/vip/data/fastq/MB062_F02_S62_R2_001.fastq.gz
MB063-F03	/mnt/data/sbusi/vip/data/fastq/MB063_F03_S63_R1_001.fastq.gz	/mnt/data/sbusi/vip/data/fastq/MB063_F03_S63_R2_001.fastq.gz
MB064-F04	/mnt/data/sbusi/vip/data/fastq/MB064_F04_S64_R1_001.fastq.gz	/mnt/data/sbusi/vip/data/fastq/MB064_F04_S64_R2_001.fastq.gz
MB065-F05	/mnt/data/sbusi/vip/data/fastq/MB065_F05_S65_R1_001.fastq.gz	/mnt/data/sbusi/vip/data/fastq/MB065_F05_S65_R2_001.fastq.gz
MB066-F06	/mnt/data/sbusi/vip/data/fastq/MB066_F06_S66_R1_001.fastq.gz	/mnt/data/sbusi/vip/data/fastq/MB066_F06_S66_R2_001.fastq.gz
MB067-F07	/mnt/data/sbusi/vip/data/fastq/MB067_F07_S67_R1_001.fastq.gz	/mnt/data/sbusi/vip/data/fastq/MB067_F07_S67_R2_001.fastq.gz
MB068-F08	/mnt/data/sbusi/vip/data/fastq/MB068_F08_S68_R1_001.fastq.gz	/mnt/data/sbusi/vip/data/fastq/MB068_F08_S68_R2_001.fastq.gz
MB069-F09	/mnt/data/sbusi/vip/data/fastq/MB069_F09_S69_R1_001.fastq.gz	/mnt/data/sbusi/vip/data/fastq/MB069_F09_S69_R2_001.fastq.gz
MB070-F10	/mnt/data/sbusi/vip/data/fastq/MB070_F10_S70_R1_001.fastq.gz	/mnt/data/sbusi/vip/data/fastq/MB070_F10_S70_R2_001.fastq.gz
MB071-F11	/mnt/data/sbusi/vip/data/fastq/MB071_F11_S71_R1_001.fastq.gz	/mnt/data/sbusi/vip/data/fastq/MB071_F11_S71_R2_001.fastq.gz
MB072-F12	/mnt/data/sbusi/vip/data/fastq/MB072_F12_S72_R1_001.fastq.gz	/mnt/data/sbusi/vip/data/fastq/MB072_F12_S72_R2_001.fastq.gz
MB073-G01	/mnt/data/sbusi/vip/data/fastq/MB073_G01_S73_R1_001.fastq.gz	/mnt/data/sbusi/vip/data/fastq/MB073_G01_S73_R2_001.fastq.gz
MB074-G02	/mnt/data/sbusi/vip/data/fastq/MB074_G02_S74_R1_001.fastq.gz	/mnt/data/sbusi/vip/data/fastq/MB074_G02_S74_R2_001.fastq.gz
MB075-G03	/mnt/data/sbusi/vip/data/fastq/MB075_G03_S75_R1_001.fastq.gz	/mnt/data/sbusi/vip/data/fastq/MB075_G03_S75_R2_001.fastq.gz
MB076-G04	/mnt/data/sbusi/vip/data/fastq/MB076_G04_S76_R1_001.fastq.gz	/mnt/data/sbusi/vip/data/fastq/MB076_G04_S76_R2_001.fastq.gz
MB077-G05	/mnt/data/sbusi/vip/data/fastq/MB077_G05_S77_R1_001.fastq.gz	/mnt/data/sbusi/vip/data/fastq/MB077_G05_S77_R2_001.fastq.gz
MB078-G06	/mnt/data/sbusi/vip/data/fastq/MB078_G06_S78_R1_001.fastq.gz	/mnt/data/sbusi/vip/data/fastq/MB078_G06_S78_R2_001.fastq.gz
MB079-G07	/mnt/data/sbusi/vip/data/fastq/MB079_G07_S79_R1_001.fastq.gz	/mnt/data/sbusi/vip/data/fastq/MB079_G07_S79_R2_001.fastq.gz
MB080-G08	/mnt/data/sbusi/vip/data/fastq/MB080_G08_S80_R1_001.fastq.gz	/mnt/data/sbusi/vip/data/fastq/MB080_G08_S80_R2_001.fastq.gz
MB081-G09	/mnt/data/sbusi/vip/data/fastq/MB081_G09_S81_R1_001.fastq.gz	/mnt/data/sbusi/vip/data/fastq/MB081_G09_S81_R2_001.fastq.gz
MB082-G10	/mnt/data/sbusi/vip/data/fastq/MB082_G10_S82_R1_001.fastq.gz	/mnt/data/sbusi/vip/data/fastq/MB082_G10_S82_R2_001.fastq.gz
MB083-G11	/mnt/data/sbusi/vip/data/fastq/MB083_G11_S83_R1_001.fastq.gz	/mnt/data/sbusi/vip/data/fastq/MB083_G11_S83_R2_001.fastq.gz
MB084-G12	/mnt/data/sbusi/vip/data/fastq/MB084_G12_S84_R1_001.fastq.gz	/mnt/data/sbusi/vip/data/fastq/MB084_G12_S84_R2_001.fastq.gz
MB085-H01	/mnt/data/sbusi/vip/data/fastq/MB085_H01_S85_R1_001.fastq.gz	/mnt/data/sbusi/vip/data/fastq/MB085_H01_S85_R2_001.fastq.gz
MB086-H02	/mnt/data/sbusi/vip/data/fastq/MB086_H02_S86_R1_001.fastq.gz	/mnt/data/sbusi/vip/data/fastq/MB086_H02_S86_R2_001.fastq.gz
MB087-H03	/mnt/data/sbusi/vip/data/fastq/MB087_H03_S87_R1_001.fastq.gz	/mnt/data/sbusi/vip/data/fastq/MB087_H03_S87_R2_001.fastq.gz
MB088-H04	/mnt/data/sbusi/vip/data/fastq/MB088_H04_S88_R1_001.fastq.gz	/mnt/data/sbusi/vip/data/fastq/MB088_H04_S88_R2_001.fastq.gz
MB089-H05	/mnt/data/sbusi/vip/data/fastq/MB089_H05_S89_R1_001.fastq.gz	/mnt/data/sbusi/vip/data/fastq/MB089_H05_S89_R2_001.fastq.gz
MB090-H06	/mnt/data/sbusi/vip/data/fastq/MB090_H06_S90_R1_001.fastq.gz	/mnt/data/sbusi/vip/data/fastq/MB090_H06_S90_R2_001.fastq.gz
MB091-H07	/mnt/data/sbusi/vip/data/fastq/MB091_H07_S91_R1_001.fastq.gz	/mnt/data/sbusi/vip/data/fastq/MB091_H07_S91_R2_001.fastq.gz
MB092-H08	/mnt/data/sbusi/vip/data/fastq/MB092_H08_S92_R1_001.fastq.gz	/mnt/data/sbusi/vip/data/fastq/MB092_H08_S92_R2_001.fastq.gz
MB093-H09	/mnt/data/sbusi/vip/data/fastq/MB093_H09_S93_R1_001.fastq.gz	/mnt/data/sbusi/vip/data/fastq/MB093_H09_S93_R2_001.fastq.gz
MB097-H10	/mnt/data/sbusi/vip/data/fastq/MB097_H10_S94_R1_001.fastq.gz	/mnt/data/sbusi/vip/data/fastq/MB097_H10_S94_R2_001.fastq.gz
MB098-H11	/mnt/data/sbusi/vip/data/fastq/MB098_H11_S95_R1_001.fastq.gz	/mnt/data/sbusi/vip/data/fastq/MB098_H11_S95_R2_001.fastq.gz
MB099-H12	/mnt/data/sbusi/vip/data/fastq/MB099_H12_S96_R1_001.fastq.gz	/mnt/data/sbusi/vip/data/fastq/MB099_H12_S96_R2_001.fastq.gz
MB100-A01	/mnt/data/sbusi/vip/data/fastq/MB100_A01_S1_R1_001.fastq.gz	/mnt/data/sbusi/vip/data/fastq/MB100_A01_S1_R2_001.fastq.gz
MB101-A02	/mnt/data/sbusi/vip/data/fastq/MB101_A02_S2_R1_001.fastq.gz	/mnt/data/sbusi/vip/data/fastq/MB101_A02_S2_R2_001.fastq.gz
MB102-A03	/mnt/data/sbusi/vip/data/fastq/MB102_A03_S3_R1_001.fastq.gz	/mnt/data/sbusi/vip/data/fastq/MB102_A03_S3_R2_001.fastq.gz
MB103-A04	/mnt/data/sbusi/vip/data/fastq/MB103_A04_S4_R1_001.fastq.gz	/mnt/data/sbusi/vip/data/fastq/MB103_A04_S4_R2_001.fastq.gz
MB104-A05	/mnt/data/sbusi/vip/data/fastq/MB104_A05_S5_R1_001.fastq.gz	/mnt/data/sbusi/vip/data/fastq/MB104_A05_S5_R2_001.fastq.gz
MB105-A06	/mnt/data/sbusi/vip/data/fastq/MB105_A06_S6_R1_001.fastq.gz	/mnt/data/sbusi/vip/data/fastq/MB105_A06_S6_R2_001.fastq.gz
MB106-A07	/mnt/data/sbusi/vip/data/fastq/MB106_A07_S7_R1_001.fastq.gz	/mnt/data/sbusi/vip/data/fastq/MB106_A07_S7_R2_001.fastq.gz
MB107-A08	/mnt/data/sbusi/vip/data/fastq/MB107_A08_S8_R1_001.fastq.gz	/mnt/data/sbusi/vip/data/fastq/MB107_A08_S8_R2_001.fastq.gz
MB108-A09	/mnt/data/sbusi/vip/data/fastq/MB108_A09_S9_R1_001.fastq.gz	/mnt/data/sbusi/vip/data/fastq/MB108_A09_S9_R2_001.fastq.gz
MB109-A10	/mnt/data/sbusi/vip/data/fastq/MB109_A10_S10_R1_001.fastq.gz	/mnt/data/sbusi/vip/data/fastq/MB109_A10_S10_R2_001.fastq.gz
MB110-A11	/mnt/data/sbusi/vip/data/fastq/MB110_A11_S11_R1_001.fastq.gz	/mnt/data/sbusi/vip/data/fastq/MB110_A11_S11_R2_001.fastq.gz
MB111-A12	/mnt/data/sbusi/vip/data/fastq/MB111_A12_S12_R1_001.fastq.gz	/mnt/data/sbusi/vip/data/fastq/MB111_A12_S12_R2_001.fastq.gz
MB112-B01	/mnt/data/sbusi/vip/data/fastq/MB112_B01_S13_R1_001.fastq.gz	/mnt/data/sbusi/vip/data/fastq/MB112_B01_S13_R2_001.fastq.gz
