Sample	R1	R2	plate	location	name	group	genotype	sex
MB001-A01	/mnt/data/sbusi/vip/data/fastq/MB001_A01_S1_R1_001.fastq.gz	/mnt/data/sbusi/vip/data/fastq/MB001_A01_S1_R2_001.fastq.gz	180817_MB	A01	MB001	WT	WT	Male
MB001-B2	/mnt/data/sbusi/vip/data/fastq/MB001_B2_S14_L001_R1_001.fastq.gz	/mnt/data/sbusi/vip/data/fastq/MB001_B2_S14_L001_R2_001.fastq.gz	171222_RG_MB_CQ_AE_M	B2	MB001	VIP	WT	Male
MB002-A02	/mnt/data/sbusi/vip/data/fastq/MB002_A02_S2_R1_001.fastq.gz	/mnt/data/sbusi/vip/data/fastq/MB002_A02_S2_R2_001.fastq.gz	180817_MB	A02	MB002	WT	WT	Male
MB002-B3	/mnt/data/sbusi/vip/data/fastq/MB002_B3_S15_L001_R1_001.fastq.gz	/mnt/data/sbusi/vip/data/fastq/MB002_B3_S15_L001_R2_001.fastq.gz	171222_RG_MB_CQ_AE_M	B3	MB002	VIP	WT	Male
MB003-A03	/mnt/data/sbusi/vip/data/fastq/MB003_A03_S3_R1_001.fastq.gz	/mnt/data/sbusi/vip/data/fastq/MB003_A03_S3_R2_001.fastq.gz	180817_MB	A03	MB003	WT	WT	Male
MB003-B4	/mnt/data/sbusi/vip/data/fastq/MB003_B4_S16_L001_R1_001.fastq.gz	/mnt/data/sbusi/vip/data/fastq/MB003_B4_S16_L001_R2_001.fastq.gz	171222_RG_MB_CQ_AE_M	B4	MB003	VIP	WT	Male
MB004-A04	/mnt/data/sbusi/vip/data/fastq/MB004_A04_S4_R1_001.fastq.gz	/mnt/data/sbusi/vip/data/fastq/MB004_A04_S4_R2_001.fastq.gz	180817_MB	A04	MB004	WT	WT	Male
MB004-B5	/mnt/data/sbusi/vip/data/fastq/MB004_B5_S17_L001_R1_001.fastq.gz	/mnt/data/sbusi/vip/data/fastq/MB004_B5_S17_L001_R2_001.fastq.gz	171222_RG_MB_CQ_AE_M	B5	MB004	VIP	WT	Male
MB005-A05	/mnt/data/sbusi/vip/data/fastq/MB005_A05_S5_R1_001.fastq.gz	/mnt/data/sbusi/vip/data/fastq/MB005_A05_S5_R2_001.fastq.gz	180817_MB	A05	MB005	WT	WT	Male
MB005-B6	/mnt/data/sbusi/vip/data/fastq/MB005_B6_S18_L001_R1_001.fastq.gz	/mnt/data/sbusi/vip/data/fastq/MB005_B6_S18_L001_R2_001.fastq.gz	171222_RG_MB_CQ_AE_M	B6	MB005	VIP	WT	Male
MB006-A06	/mnt/data/sbusi/vip/data/fastq/MB006_A06_S6_R1_001.fastq.gz	/mnt/data/sbusi/vip/data/fastq/MB006_A06_S6_R2_001.fastq.gz	180817_MB	A06	MB006	WT	WT	Male
MB006-B7	/mnt/data/sbusi/vip/data/fastq/MB006_B7_S19_L001_R1_001.fastq.gz	/mnt/data/sbusi/vip/data/fastq/MB006_B7_S19_L001_R2_001.fastq.gz	171222_RG_MB_CQ_AE_M	B7	MB006	VIP	WT	Male
MB007-A07	/mnt/data/sbusi/vip/data/fastq/MB007_A07_S7_R1_001.fastq.gz	/mnt/data/sbusi/vip/data/fastq/MB007_A07_S7_R2_001.fastq.gz	180817_MB	A07	MB007	WT	WT	Male
MB007-B8	/mnt/data/sbusi/vip/data/fastq/MB007_B8_S20_L001_R1_001.fastq.gz	/mnt/data/sbusi/vip/data/fastq/MB007_B8_S20_L001_R2_001.fastq.gz	171222_RG_MB_CQ_AE_M	B8	MB007	VIP	WT	Male
MB008-A08	/mnt/data/sbusi/vip/data/fastq/MB008_A08_S8_R1_001.fastq.gz	/mnt/data/sbusi/vip/data/fastq/MB008_A08_S8_R2_001.fastq.gz	180817_MB	A08	MB008	WT	WT	Male
MB008-B9	/mnt/data/sbusi/vip/data/fastq/MB008_B9_S21_L001_R1_001.fastq.gz	/mnt/data/sbusi/vip/data/fastq/MB008_B9_S21_L001_R2_001.fastq.gz	171222_RG_MB_CQ_AE_M	B9	MB008	VIP	WT	Male
MB009-A09	/mnt/data/sbusi/vip/data/fastq/MB009_A09_S9_R1_001.fastq.gz	/mnt/data/sbusi/vip/data/fastq/MB009_A09_S9_R2_001.fastq.gz	180817_MB	A09	MB009	WT	WT	Female
MB009-B10	/mnt/data/sbusi/vip/data/fastq/MB009_B10_S22_L001_R1_001.fastq.gz	/mnt/data/sbusi/vip/data/fastq/MB009_B10_S22_L001_R2_001.fastq.gz	171222_RG_MB_CQ_AE_M	B10	MB009	VIP	HET	Male
MB010-A10	/mnt/data/sbusi/vip/data/fastq/MB010_A10_S10_R1_001.fastq.gz	/mnt/data/sbusi/vip/data/fastq/MB010_A10_S10_R2_001.fastq.gz	180817_MB	A10	MB010	WT	WT	Female
MB010-B11	/mnt/data/sbusi/vip/data/fastq/MB010_B11_S23_L001_R1_001.fastq.gz	/mnt/data/sbusi/vip/data/fastq/MB010_B11_S23_L001_R2_001.fastq.gz	171222_RG_MB_CQ_AE_M	B11	MB010	VIP	HET	Male
MB011-A11	/mnt/data/sbusi/vip/data/fastq/MB011_A11_S11_R1_001.fastq.gz	/mnt/data/sbusi/vip/data/fastq/MB011_A11_S11_R2_001.fastq.gz	180817_MB	A11	MB011	WT	WT	Female
MB011-B12	/mnt/data/sbusi/vip/data/fastq/MB011_B12_S24_L001_R1_001.fastq.gz	/mnt/data/sbusi/vip/data/fastq/MB011_B12_S24_L001_R2_001.fastq.gz	171222_RG_MB_CQ_AE_M	B12	MB011	VIP	HET	Male
MB012-A12	/mnt/data/sbusi/vip/data/fastq/MB012_A12_S12_R1_001.fastq.gz	/mnt/data/sbusi/vip/data/fastq/MB012_A12_S12_R2_001.fastq.gz	180817_MB	A12	MB012	WT	WT	Female
MB012-C1	/mnt/data/sbusi/vip/data/fastq/MB012_C1_S25_L001_R1_001.fastq.gz	/mnt/data/sbusi/vip/data/fastq/MB012_C1_S25_L001_R2_001.fastq.gz	171222_RG_MB_CQ_AE_M	C1	MB012	VIP	HET	Male
MB013-B01	/mnt/data/sbusi/vip/data/fastq/MB013_B01_S13_R1_001.fastq.gz	/mnt/data/sbusi/vip/data/fastq/MB013_B01_S13_R2_001.fastq.gz	180817_MB	B01	MB013	WT	WT	Female
MB013-C2	/mnt/data/sbusi/vip/data/fastq/MB013_C2_S26_L001_R1_001.fastq.gz	/mnt/data/sbusi/vip/data/fastq/MB013_C2_S26_L001_R2_001.fastq.gz	171222_RG_MB_CQ_AE_M	C2	MB013	VIP	HET	Male
MB014-B02	/mnt/data/sbusi/vip/data/fastq/MB014_B02_S14_R1_001.fastq.gz	/mnt/data/sbusi/vip/data/fastq/MB014_B02_S14_R2_001.fastq.gz	180817_MB	B02	MB014	WT	WT	Female
MB014-C3	/mnt/data/sbusi/vip/data/fastq/MB014_C3_S27_L001_R1_001.fastq.gz	/mnt/data/sbusi/vip/data/fastq/MB014_C3_S27_L001_R2_001.fastq.gz	171222_RG_MB_CQ_AE_M	C3	MB014	VIP	HET	Male
MB015-B03	/mnt/data/sbusi/vip/data/fastq/MB015_B03_S15_R1_001.fastq.gz	/mnt/data/sbusi/vip/data/fastq/MB015_B03_S15_R2_001.fastq.gz	180817_MB	B03	MB015	WT	WT	Female
MB015-C4	/mnt/data/sbusi/vip/data/fastq/MB015_C4_S28_L001_R1_001.fastq.gz	/mnt/data/sbusi/vip/data/fastq/MB015_C4_S28_L001_R2_001.fastq.gz	171222_RG_MB_CQ_AE_M	C4	MB015	VIP	HET	Male
MB016-B04	/mnt/data/sbusi/vip/data/fastq/MB016_B04_S16_R1_001.fastq.gz	/mnt/data/sbusi/vip/data/fastq/MB016_B04_S16_R2_001.fastq.gz	180817_MB	B04	MB016	WT	WT	Female
MB016-C5	/mnt/data/sbusi/vip/data/fastq/MB016_C5_S29_L001_R1_001.fastq.gz	/mnt/data/sbusi/vip/data/fastq/MB016_C5_S29_L001_R2_001.fastq.gz	171222_RG_MB_CQ_AE_M	C5	MB016	VIP	HET	Male
MB017-B05	/mnt/data/sbusi/vip/data/fastq/MB017_B05_S17_R1_001.fastq.gz	/mnt/data/sbusi/vip/data/fastq/MB017_B05_S17_R2_001.fastq.gz	180817_MB	B05	MB017	VPAC1	WT	Male
MB017-C6	/mnt/data/sbusi/vip/data/fastq/MB017_C6_S30_L001_R1_001.fastq.gz	/mnt/data/sbusi/vip/data/fastq/MB017_C6_S30_L001_R2_001.fastq.gz	171222_RG_MB_CQ_AE_M	C6	MB017	VIP	KO	Male
MB018-B06	/mnt/data/sbusi/vip/data/fastq/MB018_B06_S18_R1_001.fastq.gz	/mnt/data/sbusi/vip/data/fastq/MB018_B06_S18_R2_001.fastq.gz	180817_MB	B06	MB018	VPAC1	WT	Male
MB018-C7	/mnt/data/sbusi/vip/data/fastq/MB018_C7_S31_L001_R1_001.fastq.gz	/mnt/data/sbusi/vip/data/fastq/MB018_C7_S31_L001_R2_001.fastq.gz	171222_RG_MB_CQ_AE_M	C7	MB018	VIP	KO	Male
MB019-B07	/mnt/data/sbusi/vip/data/fastq/MB019_B07_S19_R1_001.fastq.gz	/mnt/data/sbusi/vip/data/fastq/MB019_B07_S19_R2_001.fastq.gz	180817_MB	B07	MB019	VPAC1	WT	Male
MB019-C8	/mnt/data/sbusi/vip/data/fastq/MB019_C8_S32_L001_R1_001.fastq.gz	/mnt/data/sbusi/vip/data/fastq/MB019_C8_S32_L001_R2_001.fastq.gz	171222_RG_MB_CQ_AE_M	C8	MB019	VIP	KO	Male
MB020-B08	/mnt/data/sbusi/vip/data/fastq/MB020_B08_S20_R1_001.fastq.gz	/mnt/data/sbusi/vip/data/fastq/MB020_B08_S20_R2_001.fastq.gz	180817_MB	B08	MB020	VPAC1	WT	Male
MB020-C9	/mnt/data/sbusi/vip/data/fastq/MB020_C9_S33_L001_R1_001.fastq.gz	/mnt/data/sbusi/vip/data/fastq/MB020_C9_S33_L001_R2_001.fastq.gz	171222_RG_MB_CQ_AE_M	C9	MB020	VIP	KO	Male
MB021-B09	/mnt/data/sbusi/vip/data/fastq/MB021_B09_S21_R1_001.fastq.gz	/mnt/data/sbusi/vip/data/fastq/MB021_B09_S21_R2_001.fastq.gz	180817_MB	B09	MB021	VPAC1	WT	Male
MB021-C10	/mnt/data/sbusi/vip/data/fastq/MB021_C10_S34_L001_R1_001.fastq.gz	/mnt/data/sbusi/vip/data/fastq/MB021_C10_S34_L001_R2_001.fastq.gz	171222_RG_MB_CQ_AE_M	C10	MB021	VIP	KO	Male
MB022-B10	/mnt/data/sbusi/vip/data/fastq/MB022_B10_S22_R1_001.fastq.gz	/mnt/data/sbusi/vip/data/fastq/MB022_B10_S22_R2_001.fastq.gz	180817_MB	B10	MB022	VPAC1	WT	Male
MB022-C11	/mnt/data/sbusi/vip/data/fastq/MB022_C11_S35_L001_R1_001.fastq.gz	/mnt/data/sbusi/vip/data/fastq/MB022_C11_S35_L001_R2_001.fastq.gz	171222_RG_MB_CQ_AE_M	C11	MB022	VIP	KO	Male
MB023-B11	/mnt/data/sbusi/vip/data/fastq/MB023_B11_S23_R1_001.fastq.gz	/mnt/data/sbusi/vip/data/fastq/MB023_B11_S23_R2_001.fastq.gz	180817_MB	B11	MB023	VPAC1	WT	Male
MB023-C12	/mnt/data/sbusi/vip/data/fastq/MB023_C12_S36_L001_R1_001.fastq.gz	/mnt/data/sbusi/vip/data/fastq/MB023_C12_S36_L001_R2_001.fastq.gz	171222_RG_MB_CQ_AE_M	C12	MB023	VIP	KO	Male
MB024-B12	/mnt/data/sbusi/vip/data/fastq/MB024_B12_S24_R1_001.fastq.gz	/mnt/data/sbusi/vip/data/fastq/MB024_B12_S24_R2_001.fastq.gz	180817_MB	B12	MB024	VPAC1	WT	Male
MB024-D1	/mnt/data/sbusi/vip/data/fastq/MB024_D1_S37_L001_R1_001.fastq.gz	/mnt/data/sbusi/vip/data/fastq/MB024_D1_S37_L001_R2_001.fastq.gz	171222_RG_MB_CQ_AE_M	D1	MB024	VIP	KO	Male
MB025-C01	/mnt/data/sbusi/vip/data/fastq/MB025_C01_S25_R1_001.fastq.gz	/mnt/data/sbusi/vip/data/fastq/MB025_C01_S25_R2_001.fastq.gz	180817_MB	C01	MB025	VPAC1	HET	Male
MB025-D2	/mnt/data/sbusi/vip/data/fastq/MB025_D2_S38_L001_R1_001.fastq.gz	/mnt/data/sbusi/vip/data/fastq/MB025_D2_S38_L001_R2_001.fastq.gz	171222_RG_MB_CQ_AE_M	D2	MB025	VIP	WT	Female
MB026-C02	/mnt/data/sbusi/vip/data/fastq/MB026_C02_S26_R1_001.fastq.gz	/mnt/data/sbusi/vip/data/fastq/MB026_C02_S26_R2_001.fastq.gz	180817_MB	C02	MB026	VPAC1	HET	Male
MB026-D3	/mnt/data/sbusi/vip/data/fastq/MB026_D3_S39_L001_R1_001.fastq.gz	/mnt/data/sbusi/vip/data/fastq/MB026_D3_S39_L001_R2_001.fastq.gz	171222_RG_MB_CQ_AE_M	D3	MB026	VIP	WT	Female
MB027-C03	/mnt/data/sbusi/vip/data/fastq/MB027_C03_S27_R1_001.fastq.gz	/mnt/data/sbusi/vip/data/fastq/MB027_C03_S27_R2_001.fastq.gz	180817_MB	C03	MB027	VPAC1	HET	Male
MB027-D4	/mnt/data/sbusi/vip/data/fastq/MB027_D4_S40_L001_R1_001.fastq.gz	/mnt/data/sbusi/vip/data/fastq/MB027_D4_S40_L001_R2_001.fastq.gz	171222_RG_MB_CQ_AE_M	D4	MB027	VIP	WT	Female
MB028-C04	/mnt/data/sbusi/vip/data/fastq/MB028_C04_S28_R1_001.fastq.gz	/mnt/data/sbusi/vip/data/fastq/MB028_C04_S28_R2_001.fastq.gz	180817_MB	C04	MB028	VPAC1	HET	Male
MB028-D5	/mnt/data/sbusi/vip/data/fastq/MB028_D5_S41_L001_R1_001.fastq.gz	/mnt/data/sbusi/vip/data/fastq/MB028_D5_S41_L001_R2_001.fastq.gz	171222_RG_MB_CQ_AE_M	D5	MB028	VIP	WT	Female
MB029-C05	/mnt/data/sbusi/vip/data/fastq/MB029_C05_S29_R1_001.fastq.gz	/mnt/data/sbusi/vip/data/fastq/MB029_C05_S29_R2_001.fastq.gz	180817_MB	C05	MB029	VPAC1	HET	Male
MB029-D6	/mnt/data/sbusi/vip/data/fastq/MB029_D6_S42_L001_R1_001.fastq.gz	/mnt/data/sbusi/vip/data/fastq/MB029_D6_S42_L001_R2_001.fastq.gz	171222_RG_MB_CQ_AE_M	D6	MB029	VIP	WT	Female
MB030-C06	/mnt/data/sbusi/vip/data/fastq/MB030_C06_S30_R1_001.fastq.gz	/mnt/data/sbusi/vip/data/fastq/MB030_C06_S30_R2_001.fastq.gz	180817_MB	C06	MB030	VPAC1	HET	Male
MB030-D7	/mnt/data/sbusi/vip/data/fastq/MB030_D7_S43_L001_R1_001.fastq.gz	/mnt/data/sbusi/vip/data/fastq/MB030_D7_S43_L001_R2_001.fastq.gz	171222_RG_MB_CQ_AE_M	D7	MB030	VIP	WT	Female
MB031-C07	/mnt/data/sbusi/vip/data/fastq/MB031_C07_S31_R1_001.fastq.gz	/mnt/data/sbusi/vip/data/fastq/MB031_C07_S31_R2_001.fastq.gz	180817_MB	C07	MB031	VPAC1	HET	Male
MB031-D8	/mnt/data/sbusi/vip/data/fastq/MB031_D8_S44_L001_R1_001.fastq.gz	/mnt/data/sbusi/vip/data/fastq/MB031_D8_S44_L001_R2_001.fastq.gz	171222_RG_MB_CQ_AE_M	D8	MB031	VIP	WT	Female
MB032-C08	/mnt/data/sbusi/vip/data/fastq/MB032_C08_S32_R1_001.fastq.gz	/mnt/data/sbusi/vip/data/fastq/MB032_C08_S32_R2_001.fastq.gz	180817_MB	C08	MB032	VPAC1	HET	Male
MB032-D9	/mnt/data/sbusi/vip/data/fastq/MB032_D9_S45_L001_R1_001.fastq.gz	/mnt/data/sbusi/vip/data/fastq/MB032_D9_S45_L001_R2_001.fastq.gz	171222_RG_MB_CQ_AE_M	D9	MB032	VIP	WT	Female
MB033-C09	/mnt/data/sbusi/vip/data/fastq/MB033_C09_S33_R1_001.fastq.gz	/mnt/data/sbusi/vip/data/fastq/MB033_C09_S33_R2_001.fastq.gz	180817_MB	C09	MB033	VPAC1	KO	Male
MB033-D10	/mnt/data/sbusi/vip/data/fastq/MB033_D10_S46_L001_R1_001.fastq.gz	/mnt/data/sbusi/vip/data/fastq/MB033_D10_S46_L001_R2_001.fastq.gz	171222_RG_MB_CQ_AE_M	D10	MB033	VIP	HET	Female
MB034-C10	/mnt/data/sbusi/vip/data/fastq/MB034_C10_S34_R1_001.fastq.gz	/mnt/data/sbusi/vip/data/fastq/MB034_C10_S34_R2_001.fastq.gz	180817_MB	C10	MB034	VPAC1	KO	Male
MB034-D11	/mnt/data/sbusi/vip/data/fastq/MB034_D11_S47_L001_R1_001.fastq.gz	/mnt/data/sbusi/vip/data/fastq/MB034_D11_S47_L001_R2_001.fastq.gz	171222_RG_MB_CQ_AE_M	D11	MB034	VIP	HET	Female
MB035-C11	/mnt/data/sbusi/vip/data/fastq/MB035_C11_S35_R1_001.fastq.gz	/mnt/data/sbusi/vip/data/fastq/MB035_C11_S35_R2_001.fastq.gz	180817_MB	C11	MB035	VPAC1	KO	Male
MB035-D12	/mnt/data/sbusi/vip/data/fastq/MB035_D12_S48_L001_R1_001.fastq.gz	/mnt/data/sbusi/vip/data/fastq/MB035_D12_S48_L001_R2_001.fastq.gz	171222_RG_MB_CQ_AE_M	D12	MB035	VIP	HET	Female
MB036-C12	/mnt/data/sbusi/vip/data/fastq/MB036_C12_S36_R1_001.fastq.gz	/mnt/data/sbusi/vip/data/fastq/MB036_C12_S36_R2_001.fastq.gz	180817_MB	C12	MB036	VPAC1	KO	Male
MB036-E1	/mnt/data/sbusi/vip/data/fastq/MB036_E1_S49_L001_R1_001.fastq.gz	/mnt/data/sbusi/vip/data/fastq/MB036_E1_S49_L001_R2_001.fastq.gz	171222_RG_MB_CQ_AE_M	E1	MB036	VIP	HET	Female
MB037-D01	/mnt/data/sbusi/vip/data/fastq/MB037_D01_S37_R1_001.fastq.gz	/mnt/data/sbusi/vip/data/fastq/MB037_D01_S37_R2_001.fastq.gz	180817_MB	D01	MB037	VPAC1	KO	Male
MB037-E2	/mnt/data/sbusi/vip/data/fastq/MB037_E2_S50_L001_R1_001.fastq.gz	/mnt/data/sbusi/vip/data/fastq/MB037_E2_S50_L001_R2_001.fastq.gz	171222_RG_MB_CQ_AE_M	E2	MB037	VIP	HET	Female
MB038-D02	/mnt/data/sbusi/vip/data/fastq/MB038_D02_S38_R1_001.fastq.gz	/mnt/data/sbusi/vip/data/fastq/MB038_D02_S38_R2_001.fastq.gz	180817_MB	D02	MB038	VPAC1	KO	Male
MB038-E3	/mnt/data/sbusi/vip/data/fastq/MB038_E3_S51_L001_R1_001.fastq.gz	/mnt/data/sbusi/vip/data/fastq/MB038_E3_S51_L001_R2_001.fastq.gz	171222_RG_MB_CQ_AE_M	E3	MB038	VIP	HET	Female
MB039-D03	/mnt/data/sbusi/vip/data/fastq/MB039_D03_S39_R1_001.fastq.gz	/mnt/data/sbusi/vip/data/fastq/MB039_D03_S39_R2_001.fastq.gz	180817_MB	D03	MB039	VPAC1	KO	Male
MB039-E4	/mnt/data/sbusi/vip/data/fastq/MB039_E4_S52_L001_R1_001.fastq.gz	/mnt/data/sbusi/vip/data/fastq/MB039_E4_S52_L001_R2_001.fastq.gz	171222_RG_MB_CQ_AE_M	E4	MB039	VIP	HET	Female
MB040-D04	/mnt/data/sbusi/vip/data/fastq/MB040_D04_S40_R1_001.fastq.gz	/mnt/data/sbusi/vip/data/fastq/MB040_D04_S40_R2_001.fastq.gz	180817_MB	D04	MB040	VPAC1	KO	Male
MB040-E5	/mnt/data/sbusi/vip/data/fastq/MB040_E5_S53_L001_R1_001.fastq.gz	/mnt/data/sbusi/vip/data/fastq/MB040_E5_S53_L001_R2_001.fastq.gz	171222_RG_MB_CQ_AE_M	E5	MB040	VIP	HET	Female
MB041-D05	/mnt/data/sbusi/vip/data/fastq/MB041_D05_S41_R1_001.fastq.gz	/mnt/data/sbusi/vip/data/fastq/MB041_D05_S41_R2_001.fastq.gz	180817_MB	D05	MB041	VPAC1	WT	Female
MB041-E6	/mnt/data/sbusi/vip/data/fastq/MB041_E6_S54_L001_R1_001.fastq.gz	/mnt/data/sbusi/vip/data/fastq/MB041_E6_S54_L001_R2_001.fastq.gz	171222_RG_MB_CQ_AE_M	E6	MB041	VIP	KO	Female
MB042-D06	/mnt/data/sbusi/vip/data/fastq/MB042_D06_S42_R1_001.fastq.gz	/mnt/data/sbusi/vip/data/fastq/MB042_D06_S42_R2_001.fastq.gz	180817_MB	D06	MB042	VPAC1	WT	Female
MB042-E7	/mnt/data/sbusi/vip/data/fastq/MB042_E7_S55_L001_R1_001.fastq.gz	/mnt/data/sbusi/vip/data/fastq/MB042_E7_S55_L001_R2_001.fastq.gz	171222_RG_MB_CQ_AE_M	E7	MB042	VIP	KO	Female
MB043-D07	/mnt/data/sbusi/vip/data/fastq/MB043_D07_S43_R1_001.fastq.gz	/mnt/data/sbusi/vip/data/fastq/MB043_D07_S43_R2_001.fastq.gz	180817_MB	D07	MB043	VPAC1	WT	Female
MB043-E8	/mnt/data/sbusi/vip/data/fastq/MB043_E8_S56_L001_R1_001.fastq.gz	/mnt/data/sbusi/vip/data/fastq/MB043_E8_S56_L001_R2_001.fastq.gz	171222_RG_MB_CQ_AE_M	E8	MB043	VIP	KO	Female
MB044-D08	/mnt/data/sbusi/vip/data/fastq/MB044_D08_S44_R1_001.fastq.gz	/mnt/data/sbusi/vip/data/fastq/MB044_D08_S44_R2_001.fastq.gz	180817_MB	D08	MB044	VPAC1	WT	Female
MB044-E9	/mnt/data/sbusi/vip/data/fastq/MB044_E9_S57_L001_R1_001.fastq.gz	/mnt/data/sbusi/vip/data/fastq/MB044_E9_S57_L001_R2_001.fastq.gz	171222_RG_MB_CQ_AE_M	E9	MB044	VIP	KO	Female
MB045-D09	/mnt/data/sbusi/vip/data/fastq/MB045_D09_S45_R1_001.fastq.gz	/mnt/data/sbusi/vip/data/fastq/MB045_D09_S45_R2_001.fastq.gz	180817_MB	D09	MB045	VPAC1	WT	Female
MB045-E10	/mnt/data/sbusi/vip/data/fastq/MB045_E10_S58_L001_R1_001.fastq.gz	/mnt/data/sbusi/vip/data/fastq/MB045_E10_S58_L001_R2_001.fastq.gz	171222_RG_MB_CQ_AE_M	E10	MB045	VIP	KO	Female
MB046-D10	/mnt/data/sbusi/vip/data/fastq/MB046_D10_S46_R1_001.fastq.gz	/mnt/data/sbusi/vip/data/fastq/MB046_D10_S46_R2_001.fastq.gz	180817_MB	D10	MB046	VPAC1	WT	Female
MB046-E11	/mnt/data/sbusi/vip/data/fastq/MB046_E11_S59_L001_R1_001.fastq.gz	/mnt/data/sbusi/vip/data/fastq/MB046_E11_S59_L001_R2_001.fastq.gz	171222_RG_MB_CQ_AE_M	E11	MB046	VIP	KO	Female
MB047-D11	/mnt/data/sbusi/vip/data/fastq/MB047_D11_S47_R1_001.fastq.gz	/mnt/data/sbusi/vip/data/fastq/MB047_D11_S47_R2_001.fastq.gz	180817_MB	D11	MB047	VPAC1	WT	Female
MB047-E12	/mnt/data/sbusi/vip/data/fastq/MB047_E12_S60_L001_R1_001.fastq.gz	/mnt/data/sbusi/vip/data/fastq/MB047_E12_S60_L001_R2_001.fastq.gz	171222_RG_MB_CQ_AE_M	E12	MB047	VIP	KO	Female
MB048-D12	/mnt/data/sbusi/vip/data/fastq/MB048_D12_S48_R1_001.fastq.gz	/mnt/data/sbusi/vip/data/fastq/MB048_D12_S48_R2_001.fastq.gz	180817_MB	D12	MB048	VPAC1	WT	Female
MB048-F1	/mnt/data/sbusi/vip/data/fastq/MB048_F1_S61_L001_R1_001.fastq.gz	/mnt/data/sbusi/vip/data/fastq/MB048_F1_S61_L001_R2_001.fastq.gz	171222_RG_MB_CQ_AE_M	F1	MB048	VIP	KO	Female
MB049-E01	/mnt/data/sbusi/vip/data/fastq/MB049_E01_S49_R1_001.fastq.gz	/mnt/data/sbusi/vip/data/fastq/MB049_E01_S49_R2_001.fastq.gz	180817_MB	E01	MB049	VPAC1	HET	Female
MB050-E02	/mnt/data/sbusi/vip/data/fastq/MB050_E02_S50_R1_001.fastq.gz	/mnt/data/sbusi/vip/data/fastq/MB050_E02_S50_R2_001.fastq.gz	180817_MB	E02	MB050	VPAC1	HET	Female
MB051-E03	/mnt/data/sbusi/vip/data/fastq/MB051_E03_S51_R1_001.fastq.gz	/mnt/data/sbusi/vip/data/fastq/MB051_E03_S51_R2_001.fastq.gz	180817_MB	E03	MB051	VPAC1	HET	Female
MB052-E04	/mnt/data/sbusi/vip/data/fastq/MB052_E04_S52_R1_001.fastq.gz	/mnt/data/sbusi/vip/data/fastq/MB052_E04_S52_R2_001.fastq.gz	180817_MB	E04	MB052	VPAC1	HET	Female
MB053-E05	/mnt/data/sbusi/vip/data/fastq/MB053_E05_S53_R1_001.fastq.gz	/mnt/data/sbusi/vip/data/fastq/MB053_E05_S53_R2_001.fastq.gz	180817_MB	E05	MB053	VPAC1	HET	Female
MB054-E06	/mnt/data/sbusi/vip/data/fastq/MB054_E06_S54_R1_001.fastq.gz	/mnt/data/sbusi/vip/data/fastq/MB054_E06_S54_R2_001.fastq.gz	180817_MB	E06	MB054	VPAC1	HET	Female
MB055-E07	/mnt/data/sbusi/vip/data/fastq/MB055_E07_S55_R1_001.fastq.gz	/mnt/data/sbusi/vip/data/fastq/MB055_E07_S55_R2_001.fastq.gz	180817_MB	E07	MB055	VPAC1	HET	Female
MB056-E08	/mnt/data/sbusi/vip/data/fastq/MB056_E08_S56_R1_001.fastq.gz	/mnt/data/sbusi/vip/data/fastq/MB056_E08_S56_R2_001.fastq.gz	180817_MB	E08	MB056	VPAC1	HET	Female
MB057-E09	/mnt/data/sbusi/vip/data/fastq/MB057_E09_S57_R1_001.fastq.gz	/mnt/data/sbusi/vip/data/fastq/MB057_E09_S57_R2_001.fastq.gz	180817_MB	E09	MB057	VPAC1	KO	Female
MB058-E10	/mnt/data/sbusi/vip/data/fastq/MB058_E10_S58_R1_001.fastq.gz	/mnt/data/sbusi/vip/data/fastq/MB058_E10_S58_R2_001.fastq.gz	180817_MB	E10	MB058	VPAC1	KO	Female
MB059-E11	/mnt/data/sbusi/vip/data/fastq/MB059_E11_S59_R1_001.fastq.gz	/mnt/data/sbusi/vip/data/fastq/MB059_E11_S59_R2_001.fastq.gz	180817_MB	E11	MB059	VPAC1	KO	Female
MB060-E12	/mnt/data/sbusi/vip/data/fastq/MB060_E12_S60_R1_001.fastq.gz	/mnt/data/sbusi/vip/data/fastq/MB060_E12_S60_R2_001.fastq.gz	180817_MB	E12	MB060	VPAC1	KO	Female
MB061-F01	/mnt/data/sbusi/vip/data/fastq/MB061_F01_S61_R1_001.fastq.gz	/mnt/data/sbusi/vip/data/fastq/MB061_F01_S61_R2_001.fastq.gz	180817_MB	F01	MB061	VPAC1	KO	Female
MB062-F02	/mnt/data/sbusi/vip/data/fastq/MB062_F02_S62_R1_001.fastq.gz	/mnt/data/sbusi/vip/data/fastq/MB062_F02_S62_R2_001.fastq.gz	180817_MB	F02	MB062	VPAC1	KO	Female
MB063-F03	/mnt/data/sbusi/vip/data/fastq/MB063_F03_S63_R1_001.fastq.gz	/mnt/data/sbusi/vip/data/fastq/MB063_F03_S63_R2_001.fastq.gz	180817_MB	F03	MB063	VPAC1	KO	Female
MB064-F04	/mnt/data/sbusi/vip/data/fastq/MB064_F04_S64_R1_001.fastq.gz	/mnt/data/sbusi/vip/data/fastq/MB064_F04_S64_R2_001.fastq.gz	180817_MB	F04	MB064	VPAC1	KO	Female
MB065-F05	/mnt/data/sbusi/vip/data/fastq/MB065_F05_S65_R1_001.fastq.gz	/mnt/data/sbusi/vip/data/fastq/MB065_F05_S65_R2_001.fastq.gz	180817_MB	F05	MB065	VPAC2	WT	Male
MB066-F06	/mnt/data/sbusi/vip/data/fastq/MB066_F06_S66_R1_001.fastq.gz	/mnt/data/sbusi/vip/data/fastq/MB066_F06_S66_R2_001.fastq.gz	180817_MB	F06	MB066	VPAC2	WT	Male
MB067-F07	/mnt/data/sbusi/vip/data/fastq/MB067_F07_S67_R1_001.fastq.gz	/mnt/data/sbusi/vip/data/fastq/MB067_F07_S67_R2_001.fastq.gz	180817_MB	F07	MB067	VPAC2	WT	Male
MB068-F08	/mnt/data/sbusi/vip/data/fastq/MB068_F08_S68_R1_001.fastq.gz	/mnt/data/sbusi/vip/data/fastq/MB068_F08_S68_R2_001.fastq.gz	180817_MB	F08	MB068	VPAC2	WT	Male
MB069-F09	/mnt/data/sbusi/vip/data/fastq/MB069_F09_S69_R1_001.fastq.gz	/mnt/data/sbusi/vip/data/fastq/MB069_F09_S69_R2_001.fastq.gz	180817_MB	F09	MB069	VPAC2	WT	Male
MB070-F10	/mnt/data/sbusi/vip/data/fastq/MB070_F10_S70_R1_001.fastq.gz	/mnt/data/sbusi/vip/data/fastq/MB070_F10_S70_R2_001.fastq.gz	180817_MB	F10	MB070	VPAC2	WT	Male
MB071-F11	/mnt/data/sbusi/vip/data/fastq/MB071_F11_S71_R1_001.fastq.gz	/mnt/data/sbusi/vip/data/fastq/MB071_F11_S71_R2_001.fastq.gz	180817_MB	F11	MB071	VPAC2	WT	Male
MB072-F12	/mnt/data/sbusi/vip/data/fastq/MB072_F12_S72_R1_001.fastq.gz	/mnt/data/sbusi/vip/data/fastq/MB072_F12_S72_R2_001.fastq.gz	180817_MB	F12	MB072	VPAC2	WT	Male
MB073-G01	/mnt/data/sbusi/vip/data/fastq/MB073_G01_S73_R1_001.fastq.gz	/mnt/data/sbusi/vip/data/fastq/MB073_G01_S73_R2_001.fastq.gz	180817_MB	G01	MB073	VPAC2	HET	Male
MB074-G02	/mnt/data/sbusi/vip/data/fastq/MB074_G02_S74_R1_001.fastq.gz	/mnt/data/sbusi/vip/data/fastq/MB074_G02_S74_R2_001.fastq.gz	180817_MB	G02	MB074	VPAC2	HET	Male
MB075-G03	/mnt/data/sbusi/vip/data/fastq/MB075_G03_S75_R1_001.fastq.gz	/mnt/data/sbusi/vip/data/fastq/MB075_G03_S75_R2_001.fastq.gz	180817_MB	G03	MB075	VPAC2	HET	Male
MB076-G04	/mnt/data/sbusi/vip/data/fastq/MB076_G04_S76_R1_001.fastq.gz	/mnt/data/sbusi/vip/data/fastq/MB076_G04_S76_R2_001.fastq.gz	180817_MB	G04	MB076	VPAC2	HET	Male
MB077-G05	/mnt/data/sbusi/vip/data/fastq/MB077_G05_S77_R1_001.fastq.gz	/mnt/data/sbusi/vip/data/fastq/MB077_G05_S77_R2_001.fastq.gz	180817_MB	G05	MB077	VPAC2	HET	Male
MB078-G06	/mnt/data/sbusi/vip/data/fastq/MB078_G06_S78_R1_001.fastq.gz	/mnt/data/sbusi/vip/data/fastq/MB078_G06_S78_R2_001.fastq.gz	180817_MB	G06	MB078	VPAC2	HET	Male
MB079-G07	/mnt/data/sbusi/vip/data/fastq/MB079_G07_S79_R1_001.fastq.gz	/mnt/data/sbusi/vip/data/fastq/MB079_G07_S79_R2_001.fastq.gz	180817_MB	G07	MB079	VPAC2	HET	Male
MB080-G08	/mnt/data/sbusi/vip/data/fastq/MB080_G08_S80_R1_001.fastq.gz	/mnt/data/sbusi/vip/data/fastq/MB080_G08_S80_R2_001.fastq.gz	180817_MB	G08	MB080	VPAC2	HET	Male
MB081-G09	/mnt/data/sbusi/vip/data/fastq/MB081_G09_S81_R1_001.fastq.gz	/mnt/data/sbusi/vip/data/fastq/MB081_G09_S81_R2_001.fastq.gz	180817_MB	G09	MB081	VPAC2	KO	Male
MB082-G10	/mnt/data/sbusi/vip/data/fastq/MB082_G10_S82_R1_001.fastq.gz	/mnt/data/sbusi/vip/data/fastq/MB082_G10_S82_R2_001.fastq.gz	180817_MB	G10	MB082	VPAC2	KO	Male
MB083-G11	/mnt/data/sbusi/vip/data/fastq/MB083_G11_S83_R1_001.fastq.gz	/mnt/data/sbusi/vip/data/fastq/MB083_G11_S83_R2_001.fastq.gz	180817_MB	G11	MB083	VPAC2	KO	Male
MB084-G12	/mnt/data/sbusi/vip/data/fastq/MB084_G12_S84_R1_001.fastq.gz	/mnt/data/sbusi/vip/data/fastq/MB084_G12_S84_R2_001.fastq.gz	180817_MB	G12	MB084	VPAC2	KO	Male
MB085-H01	/mnt/data/sbusi/vip/data/fastq/MB085_H01_S85_R1_001.fastq.gz	/mnt/data/sbusi/vip/data/fastq/MB085_H01_S85_R2_001.fastq.gz	180817_MB	H01	MB085	VPAC2	KO	Male
MB086-H02	/mnt/data/sbusi/vip/data/fastq/MB086_H02_S86_R1_001.fastq.gz	/mnt/data/sbusi/vip/data/fastq/MB086_H02_S86_R2_001.fastq.gz	180817_MB	H02	MB086	VPAC2	KO	Male
MB087-H03	/mnt/data/sbusi/vip/data/fastq/MB087_H03_S87_R1_001.fastq.gz	/mnt/data/sbusi/vip/data/fastq/MB087_H03_S87_R2_001.fastq.gz	180817_MB	H03	MB087	VPAC2	KO	Male
MB088-H04	/mnt/data/sbusi/vip/data/fastq/MB088_H04_S88_R1_001.fastq.gz	/mnt/data/sbusi/vip/data/fastq/MB088_H04_S88_R2_001.fastq.gz	180817_MB	H04	MB088	VPAC2	KO	Male
MB089-H05	/mnt/data/sbusi/vip/data/fastq/MB089_H05_S89_R1_001.fastq.gz	/mnt/data/sbusi/vip/data/fastq/MB089_H05_S89_R2_001.fastq.gz	180817_MB	H05	MB089	VPAC2	WT	Female
MB090-H06	/mnt/data/sbusi/vip/data/fastq/MB090_H06_S90_R1_001.fastq.gz	/mnt/data/sbusi/vip/data/fastq/MB090_H06_S90_R2_001.fastq.gz	180817_MB	H06	MB090	VPAC2	WT	Female
MB091-H07	/mnt/data/sbusi/vip/data/fastq/MB091_H07_S91_R1_001.fastq.gz	/mnt/data/sbusi/vip/data/fastq/MB091_H07_S91_R2_001.fastq.gz	180817_MB	H07	MB091	VPAC2	WT	Female
MB092-H08	/mnt/data/sbusi/vip/data/fastq/MB092_H08_S92_R1_001.fastq.gz	/mnt/data/sbusi/vip/data/fastq/MB092_H08_S92_R2_001.fastq.gz	180817_MB	H08	MB092	VPAC2	WT	Female
MB093-H09	/mnt/data/sbusi/vip/data/fastq/MB093_H09_S93_R1_001.fastq.gz	/mnt/data/sbusi/vip/data/fastq/MB093_H09_S93_R2_001.fastq.gz	180817_MB	H09	MB093	VPAC2	WT	Female
MB097-H10	/mnt/data/sbusi/vip/data/fastq/MB097_H10_S94_R1_001.fastq.gz	/mnt/data/sbusi/vip/data/fastq/MB097_H10_S94_R2_001.fastq.gz	180817_MB	H10	MB097	VPAC2	HET	Female
MB098-H11	/mnt/data/sbusi/vip/data/fastq/MB098_H11_S95_R1_001.fastq.gz	/mnt/data/sbusi/vip/data/fastq/MB098_H11_S95_R2_001.fastq.gz	180817_MB	H11	MB098	VPAC2	HET	Female
MB099-H12	/mnt/data/sbusi/vip/data/fastq/MB099_H12_S96_R1_001.fastq.gz	/mnt/data/sbusi/vip/data/fastq/MB099_H12_S96_R2_001.fastq.gz	180817_MB	H12	MB099	VPAC2	HET	Female
MB100-A01	/mnt/data/sbusi/vip/data/fastq/MB100_A01_S1_R1_001.fastq.gz	/mnt/data/sbusi/vip/data/fastq/MB100_A01_S1_R2_001.fastq.gz	180817_MB_JD_MJ_MJ_PA_AL	A01	MB100	VPAC2	HET	Female
MB101-A02	/mnt/data/sbusi/vip/data/fastq/MB101_A02_S2_R1_001.fastq.gz	/mnt/data/sbusi/vip/data/fastq/MB101_A02_S2_R2_001.fastq.gz	180817_MB_JD_MJ_MJ_PA_AL	A02	MB101	VPAC2	HET	Female
MB102-A03	/mnt/data/sbusi/vip/data/fastq/MB102_A03_S3_R1_001.fastq.gz	/mnt/data/sbusi/vip/data/fastq/MB102_A03_S3_R2_001.fastq.gz	180817_MB_JD_MJ_MJ_PA_AL	A03	MB102	VPAC2	HET	Female
MB103-A04	/mnt/data/sbusi/vip/data/fastq/MB103_A04_S4_R1_001.fastq.gz	/mnt/data/sbusi/vip/data/fastq/MB103_A04_S4_R2_001.fastq.gz	180817_MB_JD_MJ_MJ_PA_AL	A04	MB103	VPAC2	HET	Female
MB104-A05	/mnt/data/sbusi/vip/data/fastq/MB104_A05_S5_R1_001.fastq.gz	/mnt/data/sbusi/vip/data/fastq/MB104_A05_S5_R2_001.fastq.gz	180817_MB_JD_MJ_MJ_PA_AL	A05	MB104	VPAC2	HET	Female
MB105-A06	/mnt/data/sbusi/vip/data/fastq/MB105_A06_S6_R1_001.fastq.gz	/mnt/data/sbusi/vip/data/fastq/MB105_A06_S6_R2_001.fastq.gz	180817_MB_JD_MJ_MJ_PA_AL	A06	MB105	VPAC2	KO	Female
MB106-A07	/mnt/data/sbusi/vip/data/fastq/MB106_A07_S7_R1_001.fastq.gz	/mnt/data/sbusi/vip/data/fastq/MB106_A07_S7_R2_001.fastq.gz	180817_MB_JD_MJ_MJ_PA_AL	A07	MB106	VPAC2	KO	Female
MB107-A08	/mnt/data/sbusi/vip/data/fastq/MB107_A08_S8_R1_001.fastq.gz	/mnt/data/sbusi/vip/data/fastq/MB107_A08_S8_R2_001.fastq.gz	180817_MB_JD_MJ_MJ_PA_AL	A08	MB107	VPAC2	KO	Female
MB108-A09	/mnt/data/sbusi/vip/data/fastq/MB108_A09_S9_R1_001.fastq.gz	/mnt/data/sbusi/vip/data/fastq/MB108_A09_S9_R2_001.fastq.gz	180817_MB_JD_MJ_MJ_PA_AL	A09	MB108	VPAC2	KO	Female
MB109-A10	/mnt/data/sbusi/vip/data/fastq/MB109_A10_S10_R1_001.fastq.gz	/mnt/data/sbusi/vip/data/fastq/MB109_A10_S10_R2_001.fastq.gz	180817_MB_JD_MJ_MJ_PA_AL	A10	MB109	VPAC2	KO	Female
MB110-A11	/mnt/data/sbusi/vip/data/fastq/MB110_A11_S11_R1_001.fastq.gz	/mnt/data/sbusi/vip/data/fastq/MB110_A11_S11_R2_001.fastq.gz	180817_MB_JD_MJ_MJ_PA_AL	A11	MB110	VPAC2	KO	Female
MB111-A12	/mnt/data/sbusi/vip/data/fastq/MB111_A12_S12_R1_001.fastq.gz	/mnt/data/sbusi/vip/data/fastq/MB111_A12_S12_R2_001.fastq.gz	180817_MB_JD_MJ_MJ_PA_AL	A12	MB111	VPAC2	KO	Female
MB112-B01	/mnt/data/sbusi/vip/data/fastq/MB112_B01_S13_R1_001.fastq.gz	/mnt/data/sbusi/vip/data/fastq/MB112_B01_S13_R2_001.fastq.gz	180817_MB_JD_MJ_MJ_PA_AL	B01	MB112	VPAC2	KO	Female
